Assets,2025-01-02,2025-01-03,2025-01-06,2025-01-07,2025-01-08,2025-01-09,2025-01-10,2025-01-13,2025-01-14,2025-01-15,2025-01-16,2025-01-17,2025-01-20,2025-01-21,2025-01-22,2025-01-23,2025-01-24,2025-01-27,2025-01-28,2025-01-29,2025-01-30,2025-01-31,2025-02-03,2025-02-04,2025-02-05,2025-02-06,2025-02-07,2025-02-10,2025-02-11,2025-02-12,2025-02-13,2025-02-14,2025-02-17,2025-02-18,2025-02-19,2025-02-20,2025-02-21,2025-02-24,2025-02-25,2025-02-26,2025-02-27,2025-02-28,2025-03-05,2025-03-06,2025-03-07,2025-03-10,2025-03-11,2025-03-12,2025-03-13,2025-03-14,2025-03-17,2025-03-18,2025-03-19,2025-03-20,2025-03-21,2025-03-24,2025-03-25,2025-03-26,2025-03-27,2025-03-28,2025-03-31,2025-04-01,2025-04-02,2025-04-03,2025-04-04,2025-04-07,2025-04-08,2025-04-09,2025-04-10,2025-04-11,2025-04-14,2025-04-15,2025-04-16,2025-04-17,2025-04-22,2025-04-23,2025-04-24,2025-04-25,2025-04-28,2025-04-29,2025-04-30,2025-05-02,2025-05-05,2025-05-06,2025-05-07,2025-05-08,2025-05-09,2025-05-12,2025-05-13,2025-05-14,2025-05-15,2025-05-16,2025-05-19,2025-05-20,2025-05-21,2025-05-22,2025-05-23,2025-05-26,2025-05-27,2025-05-28,2025-05-29,2025-05-30,2025-06-02,2025-06-03,2025-06-04,2025-06-05,2025-06-06,2025-06-09,2025-06-10,2025-06-11,2025-06-12,2025-06-13,2025-06-16,2025-06-17,2025-06-18,2025-06-20,2025-06-23,2025-06-24,2025-06-25,2025-06-26,2025-06-27,2025-06-30,2025-07-01,2025-07-02,2025-07-03,2025-07-04,2025-07-07,2025-07-08,2025-07-09,2025-07-10,2025-07-11,2025-07-14,2025-07-15,2025-07-16,2025-07-17,2025-07-18,2025-07-21,2025-07-22,2025-07-23,2025-07-24,2025-07-25,2025-07-28,2025-07-29,2025-07-30,2025-07-31,2025-08-01,2025-08-04,2025-08-05,2025-08-06,2025-08-07,2025-08-08,2025-08-11,2025-08-12,2025-08-13,2025-08-14,2025-08-15,2025-08-18,2025-08-19,2025-08-20,2025-08-21,2025-08-22,2025-08-25,2025-08-26,2025-08-27,2025-08-28,2025-08-29,2025-09-01,2025-09-02,2025-09-03,2025-09-04,2025-09-05,2025-09-08,2025-09-09,2025-09-10,2025-09-11,2025-09-12,2025-09-15,2025-09-16,2025-09-17,2025-09-18,2025-09-19,2025-09-22,2025-09-23,2025-09-24,2025-09-25,2025-09-26,2025-09-29,2025-09-30,2025-10-01,2025-10-02,2025-10-03,2025-10-06,2025-10-07,2025-10-08,2025-10-09,2025-10-10,2025-10-13,2025-10-14,2025-10-15,2025-10-16,2025-10-17,2025-10-20,2025-10-21,2025-10-22,2025-10-23,2025-10-24,2025-10-27,2025-10-28,2025-10-29,2025-10-30,2025-10-31,2025-11-03,2025-11-04,2025-11-05,2025-11-06,2025-11-07,2025-11-10,2025-11-11,2025-11-12,2025-11-13,2025-11-14,2025-11-17,2025-11-18,2025-11-19,2025-11-21,2025-11-24,2025-11-25,2025-11-26,2025-11-27,2025-11-28,2025-12-01,2025-12-02,2025-12-03,2025-12-04,2025-12-05,2025-12-08,2025-12-09,2025-12-10,2025-12-11,2025-12-12,2025-12-15,2025-12-16,2025-12-17,2025-12-18,2025-12-19,2025-12-22,2025-12-23,2025-12-26,2025-12-29,2025-12-30,2026-01-02,2026-01-05,2026-01-06,2026-01-07,2026-01-08,2026-01-09,2026-01-12,2026-01-13,2026-01-14,2026-01-15,2026-01-16,2026-01-19,2026-01-20,2026-01-21,2026-01-22,2026-01-23,2026-01-26,2026-01-27,2026-01-28,2026-01-29,2026-01-30,2026-02-02,2026-02-03,2026-02-04
DAP26,"435,81","276,05","299,17","-6,91","110,39","-287,45","-172,47","39,15","-30,41","-30,21","-45,10","24,19","-136,85","-295,95","1,84","-134,69","251,08","-23,54","-35,86","-80,55","686,13","58,82","148,58","-426,10","-154,15","47,25","136,41","68,76","-87,29","-285,89","46,50","145,67","255,19","41,83","20,26","152,22","217,82","-100,13","-120,38","-215,21","-186,84","-270,91","202,90","-86,26","-170,69","-83,94","160,43","-151,42","130,85","-142,25","-161,62","-44,39","-64,59","-405,09","-68,23","-98,28","-128,19","-5,39","-187,72","-24,77","84,08","-6,66","-157,16","-16,03","-26,06","153,63","-16,04","-303,01","-182,25","236,36","143,13","-4,36","202,98","280,75","54,64","152,15","93,20","-4,89","69,22","-91,38","-61,78","-99,86","-262,01","64,47","-97,51","-40,15","93,37","147,17","184,41","-80,56","-14,00","60,86","41,78","-163,53","-125,44","-59,80","134,42","-68,86","-50,27","-79,10","-42,57","-151,59","-78,11","-86,41","-211,71","-272,22","67,52","14,09","-128,18","-185,89","113,83","253,74","-246,75","79,58","-181,92","-275,23","-59,43","-76,21","-50,10","35,06","116,75","3,08","3,19","19,70","2,66","-22,36","-22,55","-147,35","-195,70","-108,11","-57,42","130,95","-98,32","-84,34","-35,11","78,15","-51,22","45,64","29,09","-58,91","52,84","-28,23","60,99","-10,16","-73,17","60,63","-103,86","52,55","-64,25","29,03","-40,40","36,28","-146,31","66,92","36,05","-130,94","-45,16","-90,09","-119,50","-59,33","81,59","36,64","168,71","-30,41","99,71","25,75","3,35","31,88","-55,44","-19,46","-33,80","59,31","51,19","122,47","-62,51","122,11","0,53","41,62","-28,56","-125,94","-20,65","-75,46","49,29","62,77","-95,16","-128,48","-30,50","-97,50","-76,37","-129,05","-54,52","5,45","-73,32","58,28","-96,60","-89,42","-69,12","8,60","46,95","18,76","31,18","-51,32","-50,75","30,71","-31,99","-75,22","-5,13","13,18","-29,95","-17,65","91,52","36,14","71,79","4,99","-66,90","64,29","27,99","-16,28","-135,89","-210,25","-74,97","-17,10","54,32","2,33","-54,48","-59,67","2,61","47,45","-28,16","-22,61","-61,24","59,90","53,75","-120,67","-355,32","54,37","-20,42","-91,77","4,43","98,28","-17,27","-18,89","-34,01","22,41","53,01","-28,44","2,16","-15,00","-0,50","9,55","-44,60","-5,14","-0,04","18,79","23,54","-0,35","-6,07","26,59","12,34","-47,62","-13,85","-40,88","18,22","18,02","40,03","-40,15","-4,45","-8,75","8,79","23,28","-11,09","95,06","-54,11","-54,11"
DAP27,"711,74","340,01","469,84","-16,50","48,31","-113,33","-234,70","14,99","143,49","175,47","10,40","10,50","-21,88","-405,12","-84,59","-84,57","328,40","-54,16","49,80","-140,20","1.178,25","-68,70","234,20","-562,21","-178,53","-51,73","27,42","-35,93","-4,44","-286,70","136,86","325,00","450,67","48,94","-92,09","222,09","300,58","-264,63","-75,06","-197,48","-295,20","-385,65","341,14","-121,76","78,77","-136,13","432,60","27,26","142,25","-286,80","-86,55","73,99","13,12","-502,75","-233,12","-186,52","-80,59","-170,22","-109,50","-217,69","37,90","-21,31","-183,97","348,86","274,50","-7,19","-21,95","-493,15","-269,85","257,15","273,00","52,98","220,85","235,25","-58,41","337,32","396,35","-74,56","78,09","-161,33","102,30","-248,12","-348,20","29,91","-157,82","145,44","10,61","42,24","157,28","-188,14","113,96","233,65","247,72","-125,82","-468,17","-52,79","4,18","-137,43","46,77","-156,11","-124,27","-250,19","-150,97","-122,16","-163,58","-328,75","142,46","73,19","-235,83","-276,34","53,66","300,17","-343,99","-13,06","-203,68","-202,40","-94,68","-67,38","-120,92","120,99","-43,56","222,35","141,59","73,90","87,02","-87,03","-166,95","-33,22","-324,66","-322,23","-66,93","169,43","50,98","-140,90","3,47","-113,98","16,62","133,80","-22,80","42,09","119,71","21,91","145,62","-164,76","-331,25","235,16","16,16","-47,75","-175,52","118,58","143,73","66,61","-19,93","211,90","-68,30","-169,57","-69,31","-471,53","-17,90","-242,79","156,87","31,90","43,80","37,41","203,77","-57,46","-7,87","-94,75","-118,95","-57,34","28,80","114,33","27,79","128,62","-8,09","101,84","137,72","-41,75","-41,31","-295,47","-100,72","-160,02","68,77","8,64","-158,89","-96,23","-7,72","-149,93","-113,59","-254,32","-6,30","17,16","-41,30","180,58","8,25","-34,36","-242,92","24,33","24,24","61,41","-76,97","26,55","-179,46","140,84","48,96","71,46","105,84","-24,53","-24,55","-182,83","133,78","-24,58","54,10","-36,05","-170,24","120,71","109,04","273,50","-141,92","-263,21","-40,56","-51,78","27,84","16,65","16,48","-38,39","49,02","70,78","-78,63","-171,00","-116,26","143,15","77,90","-94,75","-318,72","109,52","-125,03","-56,71","11,67","212,44","10,81","-55,61","-181,30","-44,37","217,25","-65,41","59,81","103,96","51,65","-31,13","61,25","-72,45","-133,23","71,25","20,16","-176,16","39,64","-0,98","-71,54","-101,22","-59,57","30,47","-49,35","30,24","49,85","-49,26","-9,65","49,30","116,88","95,22","-12,72","65,12","113,44","113,44"
DAP28,"569,66","240,30","510,95","-120,18","60,26","-29,81","-232,39","-165,16","193,45","373,18","-109,01","-153,34","-63,67","-375,89","-18,23","-240,60","337,24","-95,14","166,32","-122,46","1.597,34","-85,57","522,30","-469,19","-197,59","-197,11","-17,70","-62,54","138,32","-307,52","204,86","562,58","676,83","-128,65","-195,20","163,86","321,01","-441,55","52,34","-376,04","-550,27","-281,91","624,53","-149,62","315,17","-260,07","625,46","50,33","95,56","-347,19","-146,91","342,40","77,42","-627,77","-322,11","-342,16","-123,03","-426,53","-35,07","-74,30","92,64","27,90","-101,63","763,52","353,01","-16,63","-190,30","-535,32","-338,44","363,27","373,23","27,89","301,69","258,57","-282,91","496,57","672,47","40,88","329,90","-220,63","172,27","-307,21","-349,11","20,06","-66,30","409,73","93,61","-263,68","147,81","-327,62","298,88","333,92","355,97","-77,84","-725,53","-291,23","52,71","-182,85","374,07","-179,60","-141,87","-333,43","-183,27","-55,23","-203,54","-350,28","219,65","50,92","-253,63","-227,61","171,58","129,44","-353,20","-57,36","-182,68","26,40","45,89","-16,68","-162,24","191,11","-77,75","352,39","123,51","-43,47","60,58","-126,49","-312,86","-208,19","-413,03","-390,88","-139,71","105,38","-200,66","-276,72","150,47","-296,18","89,40","-11,80","8,23","89,05","88,92","33,79","271,42","-234,45","-394,74","330,98","68,70","-11,80","-112,57","290,03","128,86","189,03","163,95","162,36","-60,02","-60,12","-325,96","-743,89","196,35","-381,57","414,79","16,47","55,95","90,05","194,29","-104,76","-223,76","-203,38","-123,49","-83,93","271,74","73,85","-64,91","237,01","94,21","15,06","34,49","82,72","122,32","-508,68","-211,74","-230,21","180,81","-73,50","-268,35","-56,13","-77,14","-212,52","-57,07","-288,58","1,37","-75,52","-171,22","212,65","25,67","35,64","-213,31","-21,59","54,80","-2,04","-173,53","-20,94","-229,50","244,83","130,78","320,74","156,78","-45,06","-101,97","-253,27","163,71","-82,60","-25,76","-138,96","-63,24","162,68","219,06","580,39","44,50","-182,61","-106,59","-257,06","94,27","-18,69","93,94","-37,63","-18,84","131,20","-204,20","-151,73","-151,45","295,82","165,20","-77,62","-707,74","-75,92","-241,33","-118,77","180,60","327,70","88,12","-208,26","-390,39","-114,89","415,13","-78,74","158,86","302,34","133,40","-86,09","193,11","4,82","-104,41","-104,28","23,34","-242,95","-13,54","4,53","-374,14","-66,93","-65,73","59,88","-65,68","149,22","131,11","23,42","76,99","166,35","219,05","217,63","-15,59","91,65","127,31","127,31"
DAP29,"1.002,80","65,74","374,91","-449,25","219,93","-88,58","-315,12","-242,28","371,29","423,50","-121,04","-274,15","-120,21","-476,24","186,08","-271,60","134,78","36,14","141,44","-10,85","1.651,43","-94,42","446,90","-455,97","-376,41","8,65","8,81","34,19","162,17","-298,45","238,65","521,45","548,92","-7,38","-419,08","173,34","276,49","-443,96","225,00","-544,00","-518,57","-489,86","727,44","-135,27","271,27","-236,80","704,28","64,29","95,07","-414,20","69,94","290,35","163,33","-624,99","-297,46","-446,94","-143,72","-218,66","-67,78","-9,49","180,28","-29,69","-34,63","958,54","407,99","-21,19","-348,88","-372,31","-495,29","567,30","381,74","-20,06","325,27","224,77","-430,20","425,81","705,69","47,68","357,42","-104,35","251,53","-256,90","-458,16","149,35","-2,14","554,62","132,52","-334,23","147,55","-358,47","400,44","215,53","444,45","-140,19","-747,14","-213,83","113,70","-87,54","365,48","-230,92","-164,86","-414,93","-288,24","111,44","-138,09","-361,07","309,72","11,63","-226,87","-265,71","328,61","31,27","-216,36","-238,62","-188,80","180,88","31,78","105,63","-239,13","154,47","-228,03","567,96","75,78","26,12","26,07","-220,08","-342,17","-389,51","-363,09","-448,66","30,61","30,36","-187,04","-302,60","251,82","-398,26","83,07","59,13","-133,14","106,84","-99,48","78,57","227,12","-156,58","-347,44","346,20","130,78","-36,74","-60,79","394,17","130,68","178,43","10,03","172,37","-20,10","-212,24","-426,18","-803,65","194,88","-444,49","502,13","123,53","-42,81","70,33","169,65","-186,11","-256,49","-137,95","-113,95","-160,96","215,52","121,29","-90,91","286,25","51,32","4,22","121,77","144,11","120,67","-632,70","-160,97","-300,36","283,92","-113,37","-299,58","-12,64","-139,93","-93,17","-69,80","-323,92","-115,12","-91,83","-206,38","184,15","47,08","-26,53","-324,24","88,25","133,93","-44,02","-180,99","70,31","-248,69","229,67","252,57","390,02","154,92","-117,51","-231,46","-185,12","134,09","-116,62","-139,10","-184,08","42,85","269,56","201,52","656,26","152,32","-122,26","-76,36","-304,11","-18,74","94,83","-64,32","-41,56","117,24","117,32","-35,09","-179,92","-134,38","295,56","205,07","91,39","-1.081,98","-65,58","-266,63","-111,26","268,67","268,83","224,10","-432,20","-585,28","-6,02","483,05","-184,35","193,81","360,91","142,82","-57,83","240,71","-36,05","-213,77","-124,49","53,38","-312,77","8,42","-13,71","-476,09","74,74","-275,45","31,84","-99,51","272,45","162,95","53,19","206,60","228,56","210,75","358,89","-59,94","-82,03","160,13","160,13"
DAP30,"813,89","12,54","378,22","-414,13","-108,90","-48,02","-370,43","-410,24","373,54","314,00","-198,28","-438,36","-76,49","-614,96","223,22","-254,88","103,41","32,89","109,48","-188,80","1.884,84","-288,20","226,99","-348,54","-346,84","105,43","165,93","-15,28","286,70","-377,54","165,59","589,72","500,95","-57,63","-300,45","94,88","186,13","-481,72","216,42","-653,46","-479,07","-506,00","840,16","-58,00","152,08","-237,98","693,65","112,17","305,37","-419,55","63,78","402,13","221,47","-745,38","-264,82","-293,63","-113,48","-232,61","65,85","20,67","213,15","123,84","-174,83","1.083,63","486,72","-87,48","-509,37","-356,60","-593,65","553,02","574,96","-86,02","329,33","178,89","-604,65","268,63","813,77","179,35","458,23","-63,54","241,51","-216,26","-519,17","270,93","88,93","668,38","66,02","-340,56","148,26","-400,51","361,53","140,97","447,23","18,63","-958,40","-72,17","110,07","-11,32","444,92","-210,09","-195,67","-377,00","-465,68","319,18","47,45","-284,24","228,37","-103,28","-245,44","-377,33","433,17","12,71","-197,59","-285,30","-194,93","253,65","-136,22","222,65","-315,59","192,33","-171,38","577,12","128,52","38,23","-51,91","-231,46","-380,17","-467,59","-494,48","-409,20","130,30","130,13","-252,60","-247,85","222,03","-569,57","75,14","104,52","-304,73","191,82","-187,67","-7,52","279,73","-216,28","-477,24","307,97","337,51","17,06","-41,47","543,05","192,59","163,14","141,34","128,35","10,52","-283,71","-625,74","-911,20","18,98","-500,45","596,37","105,76","18,59","71,63","249,82","-243,38","-387,01","-97,62","-183,66","-68,49","104,20","248,19","-69,04","298,99","18,38","-68,13","191,55","117,98","147,09","-661,54","-112,38","-398,53","461,95","-112,03","-369,57","109,94","-258,04","-114,76","84,87","-512,70","-0,31","-198,54","-254,43","282,57","107,58","-173,46","-173,00","-31,69","306,94","-76,33","-386,08","205,68","-160,22","261,93","347,05","518,07","179,85","-194,77","-250,90","-193,60","174,12","-193,54","-193,02","-51,82","117,18","258,25","201,98","706,22","170,90","-142,64","-57,04","-284,31","-46,07","209,16","-103,02","-17,88","180,60","209,30","-118,09","-20,19","-162,10","348,65","292,40","178,51","-1.211,76","-188,93","-580,69","-320,39","482,73","287,64","259,92","-399,98","-843,72","-6,04","551,08","-285,12","188,82","557,13","183,56","-96,69","198,92","-69,01","-320,42","-152,12","43,45","-301,45","-96,14","42,78","-621,80","153,45","-314,93","71,39","-203,95","291,58","126,38","153,97","319,97","348,32","277,01","236,11","-98,22","-98,21","235,86","235,86"
DAP31,,,,,,,,,,,,,,,,,,,,,,,,,,,,,,,,,,,,,,,,,,,,,,,,,,,,,,,,,,,,,,,,,,,,,,,,,,,,,,,,,,,,,,,,,,,,,,,,,,,,,,,,,,,,,,,,,,,,,,,,,,,,,,,,,,,,,,,,,,,,,,,,,,,,,,,,,,,,,,,,,,,,,,,,,,,,,,,,,,,,,,,,,,,,,,,,,,,,,,,,,,,,,,,,,,,,,,,,,,,,,,,,,,,,,,,,,,,,,,,,,,,,,,,,,,,,,,,,,,,,"213,66","-126,64","-344,75","128,70","219,84","13,28","402,82","214,40","508,86","156,74","386,22","-137,37","-168,00","324,49","324,49"
DAP32,"805,99","-560,23","653,54","-560,76","-131,38","82,08","-502,90","-342,90","434,11","435,98","-369,62","-438,31","-365,90","-643,43","-13,38","-222,28","125,69","28,33","26,50","-112,53","1.888,98","-331,83","235,11","-260,89","-259,86","93,17","128,67","-330,35","340,18","-224,54","199,05","910,61","523,41","-16,12","-552,57","55,80","198,75","-621,45","340,79","-461,73","-723,86","-438,06","1.145,38","-158,94","195,03","-371,01","691,39","106,26","375,90","-408,69","90,58","508,20","223,31","-813,61","-314,84","-207,43","-65,58","40,37","217,49","-8,23","251,80","-32,08","38,99","1.219,51","471,88","-250,39","-823,65","-282,59","-671,81","652,51","647,61","-104,13","105,76","-1,92","-752,66","319,47","1.004,18","214,63","509,64","-38,48","179,95","-293,28","-473,12","505,61","70,79","911,36","114,36","-297,62","106,13","-625,53","252,04","429,47","578,75","-84,34","-928,56","-192,57","209,10","246,21","614,61","-392,16","-121,90","-560,47","-375,47","316,30","170,85","-157,39","317,03","-340,19","-337,64","-269,14","129,84","-160,15","-268,21","-121,85","-121,81","419,57","-87,06","274,79","-304,36","347,05","-81,88","635,41","53,76","17,08","-92,39","-201,36","-527,28","-452,15","-449,66","-436,86","199,19","91,89","-158,45","-510,85","201,97","-509,06","-11,36","95,12","-46,90","201,46","-224,46","-290,19","307,64","-187,91","-504,86","342,04","236,65","130,82","24,32","700,75","167,26","274,86","-215,43","198,52","126,88","-268,11","-749,26","-1.095,30","-33,97","-664,19","701,96","318,11","-69,68","-3,33","247,26","-246,87","-281,31","-105,13","-245,03","-209,54","210,47","281,01","-140,33","335,33","-104,59","-34,02","141,66","248,64","284,67","-527,68","-244,17","-523,02","562,78","-32,94","-278,44","-29,09","-420,15","68,81","103,71","-384,33","-105,03","-208,83","-449,96","448,95","15,06","-280,45","-348,35","203,45","411,38","-86,84","-500,80","396,78","17,20","86,21","537,59","575,25","168,55","-231,72","-231,04","-125,89","-21,19","-125,65","-264,39","-20,92","256,98","292,42","258,10","801,19","257,30","-202,13","80,57","-378,13","-51,14","265,78","-86,65","-86,55","371,84","302,26","-170,95","-53,55","-124,35","406,49","372,30","266,18","-1.365,65","-88,48","-823,29","-280,23","749,50","191,47","156,53","-532,72","-1.049,88","63,31","584,48","-665,58","236,64","714,84","128,40","-81,21","397,26","-501,47","-394,30","-150,05","162,74","-367,19","-149,81","57,84","-700,69","57,82","-318,95","-146,87","-78,24","195,33","229,91","367,97","438,24","370,41","392,32","196,43","-82,72","-222,15","370,76","370,76"
DAP33,"1.204,93","-435,82","754,87","-214,07","10,07","234,19","-454,08","-287,91","306,46","382,13","-535,99","-753,49","-234,25","-598,87","-85,90","-158,67","205,28","-46,21","174,05","-190,40","2.055,14","-496,06","173,03","-383,35","-418,17","208,93","24,72","-233,50","208,90","-159,69","98,29","951,87","735,89","-247,69","-582,52","164,72","202,34","-543,73","351,10","-524,00","-982,34","-498,14","1.336,43","-97,35","421,19","-431,18","718,86","178,91","351,25","-284,84","-60,03","419,32","82,66","-703,01","-218,98","4,49","-218,22","4,43","190,16","177,84","151,95","-71,60","2,98","1.241,49","418,97","-338,89","-901,03","-259,03","-814,94","643,62","789,60","-184,68","185,92","-152,32","-712,48","259,51","824,10","224,35","532,26","-78,00","378,74","-230,80","-608,92","643,18","264,96","880,27","158,14","-389,44","227,25","-503,85","73,18","336,35","608,50","-48,92","-859,11","67,05","221,06","298,88","493,72","-449,84","-166,12","-665,64","-393,77","295,10","103,80","-49,41","334,36","-356,84","-423,43","-129,08","99,72","-243,29","-242,59","62,74","-203,03","404,63","61,86","290,87","-243,54","214,40","32,64","633,67","173,96","-57,49","-211,40","-287,43","-363,02","-437,52","-473,00","-388,74","400,38","-53,10","-166,22","-576,20","213,93","-573,85","-11,21","101,08","-11,29","250,91","-161,39","-530,07","624,53","-123,28","-496,47","287,89","101,28","26,59","26,42","703,05","215,25","177,59","-254,55","210,87","135,36","-357,23","-599,06","-967,38","-292,58","-770,39","927,87","152,98","-33,03","-74,20","189,46","-145,21","-404,35","-218,18","-33,11","-291,19","40,69","335,80","-70,36","280,44","-32,68","-106,55","115,40","372,83","336,93","-482,55","-406,04","-587,82","628,90","-109,06","-219,67","156,69","-553,61","-74,46","182,51","-477,86","-147,05","-73,82","-364,85","472,94","-15,26","-440,90","-257,54","105,45","323,74","165,46","-671,23","455,53","165,49","92,50","605,59","461,41","256,04","-353,42","-241,60","53,24","-57,24","-240,95","-130,31","-56,84","273,36","384,67","127,01","742,73","274,24","-61,75","-99,00","-322,37","59,00","170,74","-15,56","-127,28","357,35","358,65","-103,05","-167,32","-167,08","431,56","320,35","321,10","-1.367,77","-91,84","-758,04","-403,09","831,06","204,38","167,48","-526,17","-1.000,33","-42,51","655,43","-850,11","323,70","650,41","62,89","-10,86","125,94","-417,07","-451,58","-47,23","99,52","-385,26","-47,40","-10,86","-665,62","-10,44","-515,76","-45,43","-81,44","206,87","243,38","498,12","500,44","392,63","233,32","356,43","-270,55","-269,80","282,11","282,11"
DAP35,"497,29","-231,73","490,26","-553,03","329,17","8,65","-166,05","-312,06","327,88","88,06","-412,74","-727,25","-327,58","-795,04","222,81","-401,23","378,37","-172,19","109,89","110,11","1.613,17","-647,36","426,30","-209,86","-327,92","227,13","-50,34","-208,85","266,78","-208,99","187,56","948,19","715,71","-278,36","-478,41","126,28","86,09","-556,81","206,30","-291,00","-1.107,88","-624,01","1.385,02","83,59","3,78","-155,36","843,85","57,99","367,69","-398,76","-115,85","530,68","452,85","-843,63","-76,98","43,88","-157,22","164,46","124,56","235,01","123,69","-38,27","-38,23","1.350,36","125,35","-574,05","-732,41","-322,05","-882,72","693,58","610,58","-322,18","323,15","-205,06","-1.050,26","480,89","686,91","242,56","492,43","162,72","245,52","39,42","-372,73","741,78","205,86","1.044,79","383,29","-173,04","123,13","-678,49","333,28","244,47","585,30","-349,43","-601,20","-8,92","75,40","414,04","543,85","-446,50","-180,08","-475,30","-346,67","74,07","158,13","32,05","285,19","-642,03","-362,68","196,05","-13,25","-514,41","28,65","71,43","-12,07","531,90","-55,03","281,16","-349,36","280,87","129,61","618,10","25,64","68,02","-144,54","-186,53","-734,25","-226,29","-225,49","-352,73","320,04","-13,98","-347,58","-756,84","278,89","-382,38","-92,80","-133,67","-92,50","319,03","-92,89","-294,76","443,08","113,96","-587,17","443,22","-10,15","72,60","113,92","696,70","73,02","-10,70","-132,68","194,40","194,78","-475,18","-363,40","-939,06","-480,12","-882,54","865,60","175,48","-70,28","-155,47","338,76","-275,67","-559,69","-151,25","51,92","-434,37","-109,74","415,97","92,32","189,50","-69,51","174,97","93,45","451,47","330,14","-451,47","-203,92","-610,44","613,00","-80,73","-39,89","-65,91","-612,34","-204,04","323,01","-447,42","-41,74","-41,73","-564,84","320,50","-45,68","-565,46","-243,07","316,33","357,65","65,28","-696,71","545,95","145,87","469,37","471,91","638,53","-35,60","-264,58","-263,71","22,44","-59,21","-222,11","-99,62","22,44","594,01","186,42","227,93","679,05","269,25","-63,67","-63,61","-229,88","-14,14","318,47","69,02","110,77","152,70","236,94","100,57","-351,73","-58,04","571,55","405,72","322,39","-1.741,26","25,65","-762,52","-196,52","895,04","108,09","275,40","-632,12","-1.161,96","76,09","901,80","-831,88","158,58","533,71","446,54","-135,40","395,82","-759,89","-711,83","-174,34","113,28","-386,59","-51,17","-255,20","-619,43","-131,17","-532,94","-89,15","-409,21","231,39","231,95","474,61","436,50","397,80","346,84","358,56","30,00","-299,11","153,14","153,14"
DAP37,,,,,,,,,,,,,,,,,,,,,,,,,,,,,,,,,,,,,,,,,,,,,,,,,,,,,,,,,,,,,,,,,,,,,,,,,,,,,,,,,,,,,,,,,,,,,,,,,,,,,,,,,,,,,,,,,,,,,,,,,,,,,,,,,,,,,,,,,,,,,,,,,,,,,,,,,,,,,,,,,,,,,,,,,,,,,,,,,,,,,,,,,,,,,,,,,,,,,,,,,,,,,,,,,,,,,,,,,,,,,,,,,,,,,,,,,,,,,,,,,,,,,,,,,,,,,,,,,,,,"100,68","-273,60","-272,57","-449,58","153,26","43,05","204,73","616,42","456,99","223,72","381,45","-53,39","-270,85","-183,27","-183,27"
DAP40,"1.090,33","14,17","505,74","-477,63","653,75","-124,78","-857,20","-352,78","90,11","286,64","-333,39","-609,61","-327,68","-632,52","-91,08","107,19","456,79","-325,63","85,73","-213,02","1.633,83","-939,09","244,46","-75,42","-444,11","-257,94","75,60","-174,14","409,29","76,00","76,03","795,95","937,27","-227,76","-655,25","117,19","-11,09","-564,48","-69,93","-216,37","-973,38","-465,51","941,67","29,97","323,74","-180,14","791,03","-299,73","200,62","-477,22","30,83","342,94","259,72","-336,12","-167,32","-444,47","364,69","256,47","-167,45","164,42","342,39","-84,16","-254,41","1.248,74","183,98","-355,78","-560,18","-256,01","-662,38","971,23","738,10","-778,47","257,32","-320,72","-880,80","168,43","425,39","213,12","475,81","155,05","146,75","260,97","-263,91","745,41","131,28","1.072,05","409,79","-184,51","269,92","-321,05","42,64","357,62","313,83","-418,53","-506,29","584,59","-52,37","176,37","591,81","-291,99","-375,12","-236,21","-643,07","309,76","-52,81","-52,69","274,43","-425,28","-275,16","-9,55","-9,55","-189,65","-54,44","306,66","-99,20","580,54","35,98","81,63","-555,34","262,72","383,08","586,07","173,01","-12,41","-197,69","-289,14","-744,63","-284,30","-147,46","-344,95","260,48","306,92","-462,63","-680,46","-7,69","-407,75","214,40","-7,55","-7,66","215,24","-301,84","155,13","171,17","261,54","-455,29","350,56","307,39","-367,56","37,29","669,81","356,61","-8,03","-156,19","80,52","217,99","-331,09","-294,98","-699,06","-824,21","-594,06","818,94","336,03","-66,05","65,77","157,73","-335,32","-996,58","-240,42","66,83","419,22","-373,54","597,09","67,40","525,28","203,42","-200,96","-66,06","359,99","498,52","-768,75","135,11","-672,05","537,66","-44,78","-134,65","71,51","-761,16","-1,63","131,75","-489,51","86,88","-178,31","-397,39","86,37","-120,44","-440,06","-436,84","40,39","387,87","-11,05","-704,13","421,53","250,06","338,65","694,44","523,23","19,42","-459,76","-190,90","-190,31","-189,73","119,35","-233,66","340,26","654,88","255,77","31,36","815,04","396,24","121,92","-108,10","-108,01","-102,30","403,49","-112,16","229,47","128,18","408,02","168,39","-245,79","-12,12","691,75","461,18","130,09","-1.099,20","-199,39","-570,27","-392,76","868,56","-68,80","136,68","-471,35","-1.519,59","-185,90","723,32","-687,66","86,01","240,59","312,05","-99,22","720,75","-1.063,80","-596,66","-7,43","354,64","-374,96","-187,97","-142,51","-722,11","-140,40","-272,17","-139,01","-138,71","213,56","125,77","705,00","82,49","172,44","164,71","444,40","-8,27","-415,89","-413,17","-413,17"
DAP45,"322,49","11,97","345,07","155,70","-298,81","-11,81","-539,54","-425,02","299,56","443,88","-399,80","-550,50","-390,33","-484,80","153,10","-262,99","182,98","-19,31","-64,35","-139,62","1.019,43","-375,14","379,81","-82,89","-512,30","201,23","-112,62","2,25","55,91","163,73","2,25","954,02","382,99","-184,31","6,73","-372,88","85,55","-960,24","394,10","-519,46","-513,49","-258,92","674,97","-40,21","182,46","75,17","261,39","-343,43","230,47","-32,48","-194,80","445,44","411,09","-428,45","283,65","-397,50","621,86","-93,34","41,10","27,82","390,72","-531,31","1,01","1.105,64","114,52","-436,49","-479,82","-221,52","-432,63","997,55","323,99","-402,37","-57,25","-33,14","-897,33","393,38","734,89","225,49","122,39","227,72","171,34","40,11","-329,33","600,19","390,66","657,04","360,21","-190,35","186,43","-403,66","143,02","200,79","374,52","-246,48","-236,66","460,51","47,18","12,58","457,56","-316,75","-40,31","-404,35","-177,71","-56,87","261,84","-134,89","20,47","-289,23","-394,35","317,51","-109,66","258,94","217,22","80,04","271,60","440,43","-332,11","-433,86","-76,27","279,61","215,65","652,95","79,96","-275,61","35,27","-97,56","-335,39","-428,88","-286,56","-40,60","366,23","-398,63","-719,92","-522,24","180,09","-250,18","-72,77","-97,77","145,73","45,00","-207,35","-28,83","339,99","-5,34","-30,77","334,20","-14,05","-235,00","87,95","740,46","11,62","185,01","-46,87","-120,56","70,28","-172,50","-50,38","-1.184,52","-241,87","-207,26","572,73","332,72","-23,96","-17,22","240,55","-331,62","-782,98","-190,45","-255,88","-39,88","233,98","327,46","152,74","330,68","197,49","27,39","155,72","344,26","233,94","-225,37","-353,29","-435,60","436,00","8,67","-51,54","81,22","-369,99","-154,78","152,17","-1.206,73","872,53","49,65","-583,87","-9,54","-107,58","-402,51","-217,56","-51,79","254,40","-347,28","-172,47","404,61","266,47","394,23","730,60","231,82","886,05","-1.223,90","-180,58","-162,91","254,41","-61,07","-154,71","392,10","378,28","-70,68","198,09","455,51","305,73","-179,52","271,26","-233,06","18,76","240,30","18,82","-203,04","446,05","189,30","-49,48","-98,45","-169,81","584,56","372,54","311,16","-1.420,68","80,53","-426,74","-34,56","605,86","170,47","89,80","-506,83","-1.394,64","135,54","319,70","-474,51","205,37","309,10","223,33","56,17","227,97","-536,51","-539,13","-5,51","133,92","-305,26","-109,67","-169,82","-614,03","113,94","337,70","-108,38","-125,29","123,51","331,14","596,01","240,79","233,17","103,69","162,84","-166,77","-307,96","-191,66","-191,66"
DAP50,"186,04","90,15","368,67","249,53","-257,64","64,29","-301,51","-340,55","332,28","404,99","-352,79","-180,27","-246,11","-729,96","67,69","-238,05","99,72","-18,49","-35,06","-170,74","862,65","-209,47","288,84","-70,59","-407,67","267,22","-195,61","-3,69","9,50","248,38","-83,62","860,54","396,71","-53,89","-171,45","-5,13","57,11","-803,93","313,34","-429,51","-391,81","-163,69","498,97","-52,36","162,14","88,79","231,74","-251,87","204,84","-52,93","-73,18","281,46","374,52","-356,78","207,58","-274,15","352,58","161,00","154,97","-16,86","367,83","-416,00","98,91","944,79","80,48","-347,65","-421,99","-120,11","-302,51","285,23","725,21","-389,14","-151,13","41,96","-651,49","301,59","620,99","231,17","73,10","94,28","175,59","65,57","-273,28","524,17","389,55","548,02","325,79","-71,53","21,72","-426,18","113,80","228,44","292,76","-268,78","-212,65","377,24","-3,55","90,46","280,08","-315,05","19,53","-394,18","-212,72","-96,20","196,69","-135,18","-3,88","-241,99","-322,31","223,32","-119,32","216,57","148,71","126,62","298,57","491,37","-171,49","-444,56","-145,05","275,63","332,01","665,36","139,18","-281,58","25,61","-46,85","-239,37","-372,47","-234,99","-70,51","301,93","-320,87","-596,28","-470,77","232,22","-210,10","-4,09","-140,69","178,28","-4,11","-247,16","4,79","369,31","57,39","-27,09","188,52","11,34","-250,54","26,68","522,81","-27,57","89,64","-88,26","-13,46","41,29","9,97","-237,79","-954,11","-281,55","-137,75","447,61","354,54","57,91","2,98","188,94","-280,64","-573,17","-123,69","-450,27","-62,43","256,28","288,57","49,23","541,87","-156,32","73,22","127,14","355,67","116,80","-179,25","-286,35","-329,62","314,31","38,52","-23,23","67,67","-347,34","-108,02","144,31","-222,76","-84,71","-23,81","-416,23","6,58","-39,35","-300,40","-98,20","-112,67","235,58","-265,35","-64,78","327,80","241,13","455,77","200,46","364,46","-44,38","-293,04","-91,56","-183,05","346,09","-68,81","-183,83","262,34","225,62","125,44","228,19","316,13","391,86","-121,11","217,03","-322,43","-5,63","267,86","26,59","-62,32","318,88","133,15","-67,13","-226,51","-176,63","498,96","257,32","250,91","-1.523,75","57,70","-458,81","-27,61","542,27","178,37","49,86","-444,25","-1.139,65","183,09","277,95","-360,50","51,81","232,68","239,28","98,56","229,89","-337,08","-435,11","42,81","3,87","-216,78","-4,05","-158,90","-433,76","171,96","134,61","-119,12","-49,77","157,72","407,46","468,05","162,80","251,78","96,05","262,17","-93,88","-295,11","-212,89","-212,89"
DAP55,"218,75","87,46","260,69","322,95","-272,68","-15,41","-249,53","-226,22","229,96","378,36","-258,95","-482,46","-271,78","-295,45","73,97","-216,23","35,25","-0,15","-18,20","-50,82","741,09","-53,51","229,90","-71,14","-329,98","194,21","-194,00","-2,68","-19,46","216,93","-64,92","721,89","298,02","-36,26","-160,30","52,51","58,57","-688,51","282,43","-339,06","-358,14","-140,91","405,01","-52,19","141,64","73,59","120,10","-222,11","189,09","-41,23","-121,63","220,80","317,46","-256,45","141,06","-255,93","787,02","-71,55","-29,33","-14,04","284,38","-385,60","144,35","760,60","56,53","-292,04","-306,48","-11,81","-163,52","678,36","94,29","-354,42","-227,98","-0,65","-597,51","280,80","524,36","173,09","56,29","74,55","125,28","30,95","-239,75","538,06","368,15","480,70","262,13","-41,61","46,02","-402,84","138,76","165,11","234,23","-232,73","-110,13","280,94","10,98","79,13","244,31","-259,58","-23,41","-281,00","-211,02","-22,87","137,89","-96,80","-36,34","-229,21","-262,30","180,69","2,97","215,66","157,12","151,76","262,08","362,30","-177,22","-421,67","-166,17","240,43","312,02","540,41","158,24","-238,73","-11,95","-18,95","-208,47","-331,26","-210,81","-69,34","242,98","-257,98","-423,56","-395,61","209,10","-195,45","-22,83","-88,68","148,88","-3,05","-148,43","30,90","309,40","64,04","17,12","91,28","-57,00","-197,56","-9,67","435,49","-64,29","112,67","-58,68","-38,20","43,54","29,93","-232,83","-878,78","-189,79","-136,83","362,02","321,48","58,35","-48,93","232,16","-275,27","-500,65","-137,55","-277,62","-52,45","209,93","231,49","57,12","192,59","117,45","84,87","105,20","315,89","74,50","-169,37","-261,89","-272,23","232,25","33,33","-6,77","33,16","-260,56","-53,73","111,92","-212,59","-33,69","-53,36","-262,10","-0,71","26,75","-208,80","-91,52","-97,59","198,21","-235,87","-68,15","265,53","203,47","456,78","142,34","291,99","-43,70","-153,87","-126,16","-152,16","175,35","-72,27","-205,21","194,92","183,06","96,23","192,18","312,79","314,79","-69,39","141,32","-300,68","-31,98","191,59","94,27","-109,70","271,14","81,11","-85,45","-139,31","-138,60","385,24","246,59","263,63","-1.340,54","99,51","-335,83","-77,12","478,88","184,31","79,66","-345,55","-957,92","166,18","235,47","-293,17","92,68","205,31","230,28","128,38","126,06","-315,04","-242,97","-37,06","65,34","-222,83","-23,35","-104,43","-464,15","109,94","231,30","-110,12","-82,98","104,25","409,76","389,18","94,30","248,98","78,33","202,21","-39,06","-265,40","-143,92","-143,92"
DAP60,"202,76","102,56","229,54","295,68","-283,65","-40,88","-247,49","-181,90","170,66","360,84","-246,14","-382,74","-226,28","-231,27","50,63","-172,04","54,52","3,58","-40,39","-48,90","596,61","-114,64","183,74","-56,46","-311,53","181,42","-140,59","7,10","-59,63","177,04","-100,49","610,88","200,66","-53,94","-86,67","50,07","88,19","-446,19","221,12","-287,07","-265,42","-140,68","317,95","-38,45","517,21","-416,46","103,86","-210,77","130,85","-34,05","-47,67","166,77","263,02","-209,98","70,50","-213,16","739,16","-28,67","5,32","-1,40","220,61","-283,28","151,18","620,22","46,22","-248,84","-210,11","-4,74","-153,17","487,23","97,31","-274,03","-225,37","-15,31","-435,23","178,86","445,20","39,79","65,81","30,03","96,40","-10,65","-153,04","384,20","261,52","460,70","252,79","-83,55","43,29","-312,52","91,64","140,62","225,35","-223,48","-51,26","247,24","-7,39","70,86","206,80","-201,48","-18,87","-219,30","-189,13","-18,37","118,80","-117,31","-29,32","-148,92","-201,35","153,55","-18,74","122,27","156,23","152,40","243,85","373,96","-157,80","-387,16","-141,80","209,49","224,53","435,19","96,22","-231,30","-3,41","-3,37","-176,78","-311,11","-138,29","-46,30","199,76","-222,21","-241,40","-232,03","85,07","-143,67","-29,19","-99,23","165,66","-13,01","-137,52","20,15","215,59","-2,05","-23,99","63,78","-7,60","-149,86","14,29","367,77","-113,43","81,30","-89,36","-13,96","36,03","52,82","-161,36","-672,19","-137,59","-115,56","295,55","252,42","21,51","-17,07","168,74","-196,46","-332,82","-79,71","-319,45","-103,49","191,60","178,19","52,66","183,77","123,71","48,65","81,44","247,23","83,24","-166,29","-202,89","-232,74","162,07","54,41","-0,05","49,81","-169,37","-22,17","75,43","-200,69","-22,01","-27,36","-208,44","-21,65","33,93","-190,86","-48,05","-73,99","161,47","-201,82","-13,30","206,42","161,25","406,86","100,96","257,30","-45,91","-92,66","-152,72","-145,96","138,77","-91,38","-101,81","165,96","156,59","57,51","243,35","249,78","285,22","-80,20","77,20","-225,15","-31,73","188,38","96,43","-49,85","274,15","74,41","-28,99","-157,75","-97,70","299,39","177,14","191,14","-1.117,85","48,61","-232,22","-62,89","392,58","154,04","20,00","-251,99","-820,71","81,68","126,80","-278,58","120,24","130,76","87,68","93,81","41,18","-165,93","-164,33","-18,73","-2,02","-169,68","-46,12","-73,45","-392,04","143,27","171,97","-99,96","-1,91","63,45","312,10","284,14","140,01","193,09","65,08","260,47","-14,20","-236,29","-118,18","-118,18"
DI_26,"194,27","98,69","67,43","-16,04","40,08","41,36","-86,27","100,41","40,93","62,77","-49,62","-33,08","31,83","-2,33","35,23","-79,06","-63,22","-2,23","19,80","-38,77","254,20","-33,42","10,29","-2,98","-27,20","14,54","-55,71","37,31","49,38","29,99","44,74","30,90","89,45","-0,01","-2,64","34,13","101,84","-82,02","30,32","-97,96","-31,60","-101,30","113,53","5,77","50,70","-37,28","59,22","-0,22","-0,17","-7,03","5,59","11,20","17,97","-96,91","-44,95","-42,01","-53,64","-18,69","76,94","-46,87","57,74","22,87","-8,60","133,85","58,32","8,69","-46,03","-32,78","23,37","18,01","41,24","-24,43","2,96","-6,61","11,36","30,18","59,26","-35,05","-8,88","-19,66","20,69","-10,26","-22,45","16,22","-17,35","-22,92","-6,91","0,46","3,58","-10,37","-0,50","33,65","16,55","-8,36","-8,25","2,81","1,30","11,64","13,94","-16,42","-7,01","-25,67","3,34","-8,09","-5,63","-41,14","-3,35","22,59","14,96","-17,19","8,91","11,96","-10,60","-1,10","0,25","-39,65","-1,56","7,99","-0,30","5,27","0,95","1,37","1,77","2,98","0,88","-2,40","-0,74","0,07","2,08","-7,08","-1,46","-0,27","0,92","-2,18","0,91","-4,78","0,93","2,04","2,75","1,24","3,77","0,82","5,09","-0,66","-2,76","4,95","0,04","1,05","0,70","2,36","-3,67","1,35","3,94","2,24","-1,98","-0,66","0,92","-4,70","-0,91","-0,59","3,97","3,28","-2,71","-0,01","1,43","0,26","-0,32","-0,31","-0,03","0,51","-0,58","-0,57","-1,34","0,52","-0,78","0,25","1,25","1,97","0,44","-2,72","0,70","-2,16","1,87","-1,40","0,00","-0,23","0,00","0,21","0,00","-0,01","-0,21","0,20","-0,01","-0,01","-0,01","0,95","-0,22","0,35","-0,39","-0,19","-0,01","-0,19","0,16","-0,34","0,15","1,10","-0,81","-0,17","0,13","-0,16","-0,02","-0,29","0,26","0,50","-0,67","-0,01","-0,02","0,70","-0,15","-0,37","0,08","-0,23","-0,12","-0,02","-0,11","-0,02","0,26","-0,03","-0,18","0,06","-0,32","0,06","0,20","-0,02","-0,27","-0,53","0,02","-0,02","0,22","0,06","0,05","0,01","0,07","-0,09","0,01","0,06","-0,07","0,09","0,01","0,02","0,00",,,,,,,,,,,,,,,,,,,,,,,
DI_27,"314,47","277,03","175,33","-61,22","34,36","156,73","-167,93","194,87","113,75","252,96","-202,25","-63,77","124,69","-29,17","47,63","-202,23","-100,67","52,86","76,78","-103,96","584,66","-40,99","120,41","4,62","-148,49","-26,60","-227,33","35,51","164,41","13,87","132,76","199,16","276,06","21,50","-139,32","75,54","315,33","-174,89","53,77","-330,30","-41,55","-311,17","327,57","8,09","232,63","-141,54","201,22","-66,35","128,12","-69,98","110,54","60,02","35,36","-306,38","-136,83","-146,75","-168,52","-118,34","275,15","-172,32","139,49","115,45","-6,47","534,17","202,76","32,73","-142,64","-191,74","-13,34","168,62","226,97","-103,56","66,84","-14,11","22,68","252,71","212,38","-120,97","-0,70","-70,40","96,19","-94,96","-107,27","102,73","-61,31","47,45","-13,54","-63,43","4,07","-126,51","-58,98","210,43","86,89","-48,03","-101,64","37,20","37,06","31,21","123,47","-93,33","-95,02","-142,94","-35,19","-27,16","-29,28","-171,77","44,76","113,48","87,65","-81,25","-4,55","58,38","-11,29","-80,46","-9,91","-33,90","9,15","72,27","-36,76","58,89","-6,38","96,47","-18,51","-16,28","-19,43","-45,08","-29,88","24,71","14,99","-151,83","-30,25","22,64","-54,32","-17,30","29,93","-41,31","68,40","56,69","35,63","-15,45","-0,88","13,61","66,21","-80,46","-128,12","156,11","36,88","-2,14","11,12","54,83","-35,86","41,35","114,10","30,69","-14,93","24,44","-40,05","-162,84","77,51","-57,26","125,83","36,98","-63,27","9,18","26,85","-29,34","25,72","-55,62","-11,44","22,66","37,11","4,92","-37,64","-43,20","-17,02","-7,37","32,78","25,92","21,97","-52,19","-2,69","-49,86","42,60","-30,84","-55,90","25,53","-21,13","9,58","-15,46","-33,81","-30,87","36,23","-48,11","27,82","64,97","23,76","-11,72","10,91","-36,91","1,91","6,37","38,48","33,80","35,38","3,20","48,35","1,20","-22,62","-0,53","-85,45","63,42","-35,33","16,06","19,42","-35,09","-2,20","30,39","141,62","6,57","4,79","20,91","-30,16","3,00","1,27","-2,13","60,75","36,11","-15,89","-19,98","-33,11","-35,37","21,62","-13,84","34,48","-246,48","68,83","19,15","-25,28","1,35","79,73","5,77","-37,25","-124,81","-5,62","43,10","-57,43","2,24","58,60","-29,77","-23,40","75,94","-1,37","-24,19","28,22","-28,63","-36,68","12,99","28,54","-34,93","-13,18","-47,03","33,39","-29,85","32,36","29,91","-2,24","8,59","69,71","36,16","29,42","-0,83","7,67","18,91","18,91"
DI_28,"366,28","376,58","321,12","-99,21","-51,67","256,90","-312,83","182,15","200,99","454,34","-320,73","-131,38","243,10","-40,52","87,80","-287,70","-61,59","124,38","67,37","-143,62","738,66","39,43","278,77","86,86","-291,90","-67,20","-323,96","-39,23","220,41","-109,86","185,12","413,07","418,95","31,81","-256,75","65,79","376,62","-199,60","13,04","-505,90","-55,03","-501,89","466,02","-47,95","399,66","-212,44","346,42","-142,61","261,18","-50,74","242,99","138,98","78,30","-458,85","-235,70","-219,19","-207,87","-231,04","336,04","-169,08","188,39","180,42","9,35","777,52","232,18","-27,10","-235,27","-269,99","-55,66","286,31","368,84","-150,12","94,42","92,70","-23,76","436,19","408,49","-149,69","32,05","-76,96","174,47","-155,74","-199,85","240,38","-36,57","197,05","17,01","-178,03","-11,12","-259,43","-132,58","286,33","185,99","-36,05","-219,02","89,63","18,70","48,28","280,89","-151,76","-96,77","-209,26","-110,22","7,37","25,25","-300,73","72,34","167,79","197,14","-96,77","-18,73","92,95","42,65","-152,97","8,76","134,50","40,16","120,83","-129,41","154,42","1,12","286,90","-67,24","-67,00","-34,57","-79,43","-106,32","57,10","4,23","-266,58","-39,83","4,63","-200,76","-59,64","108,80","-73,81","133,74","119,54","39,12","-61,64","-26,91","23,32","184,89","-104,07","-237,77","238,65","109,03","-49,06","24,43","113,36","-24,20","119,38","178,79","-40,38","14,39","23,70","-116,56","-361,90","203,30","-125,93","221,54","77,77","-98,51","23,59","95,98","-87,53","-1,17","-119,22","-13,22","41,80","116,65","-4,34","-53,16","-17,96","10,99","-49,82","96,00","65,50","34,98","-104,57","-40,66","-114,36","135,94","-72,11","-146,77","45,40","-57,91","48,27","-60,75","-118,47","-100,11","74,81","-101,27","45,10","146,87","-36,41","6,42","43,21","3,35","7,74","-1,10","117,77","61,80","69,01","33,62","104,02","5,45","-72,24","-51,49","-141,59","164,45","-42,53","4,09","41,80","-35,20","14,14","103,84","225,64","32,37","4,69","-12,73","-100,84","26,44","9,06","-16,90","132,74","87,93","-4,38","-34,56","-48,78","-67,18","95,84","-17,20","75,55","-737,78","152,99","12,10","-124,05","107,46","200,00","10,22","-115,88","-303,10","-44,64","132,81","-140,22","31,52","131,71","3,54","-35,02","173,33","60,93","5,78","0,25","-43,59","-85,75","60,44","64,38","-107,35","-60,70","-163,10","81,67","-81,59","119,10","100,06","21,77","35,11","143,97","100,69","131,52","-22,31","-34,33","81,18","81,18"
DI_29,"405,22","436,27","426,01","-147,42","-146,71","288,54","-440,05","129,11","262,45","649,57","-417,81","-229,71","349,81","-74,99","102,28","-318,11","-50,61","191,87","58,84","-168,23","741,81","124,37","370,09","149,14","-370,96","-98,28","-358,50","-90,84","218,05","-191,31","190,33","538,00","507,14","2,39","-341,99","18,69","336,86","-141,87","-67,40","-574,62","-65,73","-616,05","567,86","-116,24","491,15","-255,17","451,16","-214,72","317,52","-27,07","300,85","198,10","130,37","-569,72","-240,33","-213,27","-188,57","-311,63","337,62","-136,95","153,06","235,42","-16,65","860,61","189,32","-97,82","-297,62","-226,51","-95,74","347,05","444,55","-198,99","49,57","174,77","-73,81","492,65","527,23","-163,01","31,16","-69,69","269,43","-148,84","-214,44","319,00","-5,37","293,94","76,37","-213,45","-115,58","-287,62","-165,98","287,89","202,49","-62,84","-292,66","165,65","-42,32","41,65","414,90","-191,71","-34,68","-212,33","-191,23","61,39","47,45","-332,73","120,48","178,02","200,23","-16,38","-24,29","71,03","128,71","-197,25","1,52","277,43","32,49","116,13","-154,75","175,69","-3,56","492,44","-48,32","-112,28","-91,90","-79,62","-164,78","2,36","2,36","-321,55","-11,10","-56,26","-271,28","-141,14","207,72","-90,65","123,85","157,17","35,94","-95,02","-42,11","10,58","319,14","-105,18","-291,51","265,45","146,98","-106,96","74,61","186,03","-29,16","170,49","188,45","-118,01","37,15","41,03","-174,37","-489,63","219,38","-189,43","300,70","124,55","-85,53","7,85","196,32","-128,45","-52,39","-193,27","4,09","52,27","187,46","21,19","-32,98","7,63","40,44","-83,09","154,19","102,12","51,81","-120,20","-67,77","-186,54","172,63","-82,80","-160,91","45,84","-78,29","101,11","-74,47","-220,41","-120,86","119,49","-188,61","36,24","183,42","-135,68","34,20","68,09","94,45","-39,56","-33,82","179,12","62,16","101,82","43,14","160,50","25,92","-106,64","-89,25","-166,00","240,60","-51,41","-34,35","84,15","-40,05","33,27","155,50","252,00","44,25","4,47","-25,77","-161,32","42,25","-1,07","-6,71","153,03","111,69","51,33","-10,94","-27,87","-71,01","147,00","-39,21","90,48","-1.093,23","154,38","-18,94","-202,59","172,28","273,95","49,00","-218,27","-426,81","-12,85","174,76","-216,83","59,84","157,70","48,72","3,19","250,17","83,09","35,55","-26,53","-4,63","-128,22","108,15","57,17","-142,61","-64,22","-247,80","73,24","-129,90","171,91","139,67","44,15","76,52","215,57","132,55","185,27","-19,98","-126,80","125,03","125,03"
DI_30,"404,44","485,19","479,59","-165,19","-247,71","260,10","-522,05","66,97","314,33","736,34","-486,21","-339,59","364,84","-76,57","159,75","-393,33","-20,31","244,39","43,66","-200,04","740,42","207,20","411,96","174,26","-410,49","-117,34","-385,34","-139,13","235,95","-229,78","155,96","632,82","581,63","-26,70","-374,81","-30,48","281,69","-132,10","-127,15","-572,05","-89,95","-708,89","648,39","-147,30","522,72","-282,57","516,39","-273,27","346,07","-25,84","310,82","224,41","143,39","-614,80","-216,70","-200,27","-205,55","-313,11","317,74","-125,19","131,86","263,47","-67,99","855,01","145,32","-114,10","-323,24","-220,97","-146,28","414,88","488,74","-199,74","24,35","208,85","-125,19","509,77","589,14","-166,72","26,23","-20,80","338,31","-115,66","-209,22","374,10","21,55","310,95","140,83","-254,06","-171,37","-298,21","-115,63","257,75","162,06","-109,82","-294,77","190,32","-64,40","47,36","453,92","-182,30","20,39","-206,02","-231,56","100,69","42,78","-339,35","131,35","176,08","169,83","62,82","-53,41","85,14","150,16","-187,88","-39,96","369,51","35,36","64,59","-151,17","167,86","21,77","619,67","5,54","-121,89","-123,71","-78,03","-215,27","-36,82","-23,27","-387,54","35,16","-120,57","-332,18","-158,46","237,70","-108,13","96,80","180,86","12,92","-124,02","-50,93","30,61","377,86","-107,00","-291,77","253,32","194,42","-146,85","103,50","230,30","-34,21","195,19","189,03","-184,45","39,14","70,39","-221,72","-546,63","193,19","-264,35","342,64","142,93","-56,10","-38,32","306,88","-131,82","-102,60","-229,81","19,13","38,88","243,75","54,29","-3,19","38,77","54,23","-85,01","178,00","165,11","76,42","-123,52","-76,60","-237,34","190,77","-85,05","-172,70","18,78","-99,66","135,02","-60,27","-278,44","-126,87","134,16","-248,19","29,78","192,47","-189,36","42,70","83,86","162,10","-92,06","-54,96","209,75","77,38","123,21","27,21","215,30","40,24","-152,42","-110,35","-172,94","297,07","-75,44","-62,19","109,79","-62,25","46,59","194,87","256,80","55,30","-8,42","-19,38","-187,84","28,94","4,87","24,51","160,11","105,51","112,18","41,86","-10,96","-65,84","189,07","-39,70","96,73","-1.309,98","166,31","-61,37","-232,30","200,05","314,71","67,52","-263,99","-521,71","14,06","192,51","-249,30","79,72","163,75","66,99","45,69","317,63","47,74","32,71","-63,61","45,51","-129,66","143,69","15,49","-142,40","-67,44","-293,83","72,84","-167,90","203,63","144,78","79,16","104,68","298,87","117,87","169,49","-2,25","-201,42","145,58","145,58"
DI_31,"428,83","464,42","538,14","-232,02","-270,82","207,09","-569,34","6,83","350,82","765,99","-570,82","-410,44","374,21","-87,84","202,52","-404,25","-33,40","268,59","24,62","-194,99","717,18","258,35","449,51","208,94","-433,59","-142,60","-394,85","-162,80","220,32","-233,11","133,93","656,33","615,51","-12,22","-400,88","-97,35","261,67","-134,90","-155,07","-526,92","-135,98","-751,26","688,94","-166,57","526,32","-288,52","526,94","-310,83","359,19","-29,87","297,08","257,20","130,08","-625,47","-221,42","-174,57","-175,89","-343,39","295,95","-116,15","93,55","265,91","-96,60","813,39","102,29","-99,17","-326,41","-182,26","-224,37","461,64","513,17","-192,10","25,84","248,63","-166,98","480,47","616,55","-171,43","56,58","-0,36","368,96","-67,58","-181,72","386,56","52,10","283,69","196,97","-268,36","-230,42","-274,26","-63,32","206,18","108,62","-123,64","-291,97","215,13","-84,80","50,97","463,15","-162,77","67,94","-198,15","-251,71","124,67","29,50","-340,83","131,28","145,87","170,10","122,75","-92,55","98,82","163,78","-195,95","-66,16","420,53","21,75","28,96","-130,07","151,85","41,02","710,98","41,18","-106,13","-139,99","-90,69","-231,23","-72,85","-58,16","-408,65","52,80","-181,41","-343,87","-192,84","262,50","-98,83","71,37","180,50","-18,67","-155,94","-27,91","24,08","413,43","-76,11","-279,74","232,69","209,87","-169,14","112,09","267,93","-36,07","218,51","146,89","-214,82","57,51","64,75","-247,73","-547,42","161,32","-316,56","338,40","149,87","-61,83","-68,82","393,37","-124,49","-135,92","-249,02","33,29","35,66","275,59","76,20","26,11","59,54","73,93","-81,58","188,86","223,23","103,21","-130,85","-63,08","-261,69","198,42","-81,94","-162,88","-19,35","-107,36","140,28","-40,80","-311,11","-113,34","99,16","-280,22","37,73","186,04","-230,42","42,39","82,34","216,85","-110,95","-72,97","209,75","84,98","127,73","32,93","237,65","63,95","-181,74","-138,16","-149,41","303,15","-95,46","-85,70","130,05","-71,57","51,77","218,28","252,67","39,95","-22,40","-8,01","-194,36","16,01","20,77","61,33","169,06","73,42","176,94","61,54","37,42","-56,65","223,42","-25,54","100,35","-1.432,28","183,12","-85,15","-246,49","212,99","336,64","84,60","-302,88","-575,37","11,61","202,40","-265,17","92,81","162,64","67,40","76,77","348,60","11,16","25,27","-101,70","84,02","-115,69","159,16","-7,73","-115,74","-80,23","-329,25","62,49","-204,44","234,13","153,39","102,28","116,45","366,30","107,77","131,65","1,19","-247,21","152,58","152,58"
DI_32,"436,46","444,72","543,77","-227,09","-322,07","155,72","-570,81","-50,50","354,62","760,84","-611,40","-457,44","325,15","-67,10","244,53","-448,76","-21,03","279,49","8,38","-183,20","669,99","291,08","489,79","199,32","-439,31","-148,51","-399,05","-155,02","199,00","-224,43","101,59","662,86","646,57","-5,61","-406,43","-142,58","196,13","-107,29","-170,56","-479,97","-171,57","-754,15","731,40","-202,57","550,75","-304,33","540,41","-348,35","352,55","-16,76","289,43","263,04","104,35","-686,95","-151,30","-136,61","-168,37","-350,98","262,97","-88,82","49,34","301,66","-124,37","758,93","40,70","-94,14","-305,11","-183,73","-263,61","524,67","522,76","-146,92","2,78","242,98","-213,83","468,30","627,88","-175,85","87,53","29,08","387,38","-22,64","-174,99","396,65","56,48","265,96","204,05","-284,62","-240,16","-258,16","16,06","132,00","63,04","-137,15","-283,64","222,24","-92,12","48,01","463,79","-155,41","80,52","-182,24","-247,55","143,96","28,35","-352,14","140,89","121,64","163,93","134,78","-95,45","77,85","202,29","-224,96","-65,66","421,06","13,02","-9,48","-109,26","112,85","60,51","756,05","99,67","-92,05","-157,91","-103,97","-219,73","-80,27","-90,09","-393,93","55,27","-192,85","-346,45","-236,08","279,66","-109,37","47,42","202,23","-45,97","-188,04","-23,55","13,14","438,70","-68,55","-287,10","229,41","243,05","-192,43","116,85","276,36","-49,38","232,70","123,25","-225,21","52,87","57,90","-251,82","-538,15","163,04","-364,63","314,49","143,64","-33,93","-102,83","428,63","-121,25","-147,97","-245,58","40,01","17,91","276,87","107,08","30,24","67,53","102,49","-59,47","205,03","236,17","113,52","-138,59","-40,13","-270,31","197,89","-59,98","-152,23","-34,62","-99,23","107,34","-4,69","-349,36","-85,80","67,10","-311,54","69,28","148,01","-256,93","56,97","88,87","229,39","-122,68","-78,05","197,40","89,35","153,94","15,20","251,75","67,63","-187,07","-143,92","-140,82","295,53","-99,25","-116,27","126,77","-54,35","47,41","226,77","245,47","30,07","-50,32","-0,07","-170,34","15,03","25,03","75,10","158,07","77,88","186,64","65,52","93,51","-30,91","246,49","-15,91","109,28","-1.485,18","195,59","-101,29","-258,40","241,72","315,14","109,70","-303,35","-582,50","-21,43","218,18","-268,41","100,54","135,47","71,49","105,97","373,60","-27,25","-7,39","-113,82","89,21","-93,96","166,01","-49,58","-91,53","-86,32","-348,52","61,53","-214,52","244,68","147,53","115,90","123,55","412,46","102,26","122,50","-20,47","-277,87","162,03","162,03"
DI_33,"417,65","493,79","527,74","-243,10","-347,28","120,97","-579,25","-51,11","363,59","734,79","-602,26","-508,54","324,43","-76,79","255,54","-483,41","12,44","267,46","3,26","-170,06","598,22","344,88","446,14","214,19","-453,12","-139,77","-402,41","-137,01","185,01","-220,40","96,73","671,25","654,45","-22,81","-408,86","-176,67","189,39","-96,05","-206,84","-434,27","-160,58","-738,84","671,45","-168,42","511,61","-281,79","529,51","-351,75","343,63","-12,38","278,26","235,15","114,13","-637,68","-163,64","-137,08","-168,85","-328,63","237,85","-98,30","49,25","288,09","-133,98","718,16","0,42","-120,31","-302,82","-132,45","-314,53","557,00","535,84","-137,93","19,42","232,06","-229,05","436,54","596,88","-127,74","95,54","63,77","390,97","2,11","-154,44","391,21","42,16","264,25","217,12","-290,71","-278,04","-240,79","41,30","128,73","36,41","-150,97","-281,41","217,24","-68,08","18,88","439,00","-111,77","119,43","-194,49","-252,93","153,35","28,88","-341,49","127,88","95,94","158,64","166,84","-109,10","69,05","182,56","-177,51","-78,95","409,64","3,35","-16,94","-138,31","104,54","56,59","806,76","120,06","-62,16","-170,93","-84,89","-246,57","-83,91","-88,78","-382,45","58,96","-266,03","-348,33","-228,91","308,38","-100,75","40,87","197,94","-63,87","-202,82","-35,99","40,83","420,29","-101,83","-228,50","198,09","236,91","-179,96","131,50","258,39","-14,43","224,40","102,79","-213,52","21,05","71,99","-248,17","-531,46","128,35","-372,06","304,30","128,54","-34,10","-106,47","448,03","-105,20","-157,56","-261,47","55,87","-8,94","281,40","114,18","56,36","74,12","117,40","-47,55","201,69","248,96","111,14","-115,39","-32,92","-265,46","202,46","-40,46","-147,60","-50,33","-118,78","115,03","13,35","-364,08","-84,76","48,65","-319,87","83,39","131,18","-271,58","35,89","85,85","249,21","-137,32","-69,24","171,47","101,53","149,85","15,89","249,83","82,28","-178,05","-156,81","-145,93","304,77","-103,58","-133,57","140,00","-83,01","58,95","232,15","233,53","36,37","-81,83","15,80","-158,40","15,81","23,49","92,67","141,75","69,91","225,43","101,54","83,50","-26,04","266,97","5,16","113,01","-1.494,71","193,35","-111,14","-264,54","222,83","333,79","120,72","-293,25","-584,61","-19,17","196,41","-264,76","108,35","122,00","66,11","116,65","387,04","-73,49","-40,24","-126,45","102,07","-88,34","175,91","-80,98","-80,76","-88,12","-341,87","48,41","-236,88","238,47","149,10","126,85","137,38","434,53","95,40","100,74","-15,36","-290,33","151,68","151,68"
DI_34,"405,71","498,30","528,70","-256,19","-347,62","89,71","-576,54","-71,23","345,58","739,27","-625,00","-532,20","270,08","-62,62","238,04","-483,60","16,26","272,13","-19,76","-138,82","535,06","330,82","499,45","131,38","-405,90","-143,05","-397,61","-114,91","182,41","-213,34","81,52","651,43","676,69","-34,84","-398,50","-208,10","142,39","-83,37","-183,61","-403,89","-154,29","-728,88","673,20","-146,20","450,22","-262,49","518,47","-366,40","350,90","-7,83","268,13","237,44","74,87","-617,03","-166,44","-114,79","-166,91","-317,69","216,39","-76,69","32,55","286,66","-134,79","632,74","23,79","-174,94","-231,59","-149,24","-341,95","583,40","539,02","-124,79","30,93","225,10","-264,67","412,90","567,11","-80,44","92,40","75,54","386,21","34,35","-138,96","382,42","39,56","233,38","232,01","-320,26","-291,81","-229,53","98,23","98,54","8,97","-155,14","-284,69","216,11","-23,15","-30,54","422,06","-76,16","141,77","-198,88","-247,01","177,81","26,41","-330,62","115,22","108,19","98,56","191,52","-123,76","76,51","184,86","-174,59","-91,16","421,71","-52,19","-26,81","-112,53","99,47","71,87","814,92","107,50","-33,35","-173,70","-87,41","-256,95","-63,27","-98,88","-349,43","64,22","-291,05","-355,10","-242,90","324,98","-85,57","26,07","217,75","-106,03","-219,50","-13,51","8,73","424,37","-98,96","-225,34","175,38","271,82","-219,65","154,01","266,04","-9,16","212,01","77,53","-195,50","28,92","82,46","-268,43","-528,22","103,36","-360,98","276,33","135,91","-38,81","-125,92","472,43","-109,92","-147,09","-258,33","50,98","-16,20","271,08","109,22","74,20","84,47","132,95","-32,12","212,55","211,34","160,86","-138,85","-22,46","-245,64","203,47","-48,10","-117,21","-55,45","-134,34","108,00","23,85","-360,09","-87,33","26,26","-330,22","106,20","116,58","-279,31","16,16","88,59","247,23","-127,28","-79,17","171,94","84,28","150,39","16,17","238,01","103,35","-173,35","-164,71","-151,15","308,46","-121,49","-151,38","150,72","-77,88","61,90","230,64","216,74","26,50","-107,58","18,74","-132,91","26,43","18,73","83,06","145,26","75,76","224,41","120,84","87,06","-10,12","285,43","21,47","109,19","-1.467,67","207,68","-121,93","-273,60","229,51","313,32","137,41","-279,89","-588,37","-19,09","190,24","-258,59","111,71","118,14","51,58","135,46","377,88","-99,52","-63,34","-147,44","92,76","-60,52","162,03","-114,50","-47,75","-101,13","-353,51","36,29","-222,53","227,19","150,10","148,18","128,34","466,54","68,02","78,53","-9,91","-294,90","153,21","153,21"
DI_35,"379,47","506,22","542,40","-269,64","-362,84","60,44","-562,54","-82,79","351,76","682,93","-614,31","-565,87","279,37","-91,74","257,29","-478,75","-12,66","287,66","-36,98","-145,83","483,43","332,19","442,03","201,46","-447,95","-127,81","-368,42","-116,15","172,45","-193,96","118,94","593,25","666,46","-34,12","-402,63","-211,91","101,79","-72,02","-167,24","-363,48","-152,30","-664,07","638,44","-168,74","475,44","-275,73","488,55","-352,17","352,64","-21,39","240,45","235,83","84,47","-587,91","-171,13","-91,59","-166,98","-326,54","201,27","-67,94","18,29","298,61","-155,66","585,81","-45,20","-128,96","-251,73","-146,88","-317,90","628,44","529,45","-112,48","16,34","237,98","-290,35","395,43","541,68","-80,89","135,56","88,31","354,22","62,89","-141,10","389,96","21,69","231,78","215,73","-314,58","-313,25","-195,69","81,84","82,07","-8,19","-183,36","-280,59","242,82","-34,66","-24,94","398,74","-59,77","163,73","-182,75","-237,30","174,52","52,94","-353,52","88,81","67,21","130,80","207,65","-131,17","85,03","161,87","-168,74","-81,96","424,20","-83,44","-11,24","-115,30","120,20","58,39","812,50","134,58","-48,16","-171,14","-103,84","-232,68","-62,14","-107,27","-333,71","95,71","-311,10","-363,44","-209,31","309,66","-81,52","40,36","165,23","-96,65","-215,39","-10,70","6,28","397,34","-82,32","-199,29","182,36","240,44","-181,44","136,94","252,18","1,14","204,13","53,94","-197,41","66,28","8,61","-216,51","-480,42","74,89","-345,12","237,65","111,67","-13,43","-111,42","450,22","-98,12","-144,63","-253,97","50,28","-42,68","271,59","117,55","85,67","68,44","161,28","-18,97","182,27","239,38","126,00","-106,37","-14,37","-230,02","193,79","-34,68","-105,64","-64,81","-125,11","94,35","49,06","-371,08","-66,21","-11,28","-318,38","104,95","87,94","-265,46","18,53","77,67","246,58","-120,52","-77,98","157,44","78,39","151,19","13,65","232,88","97,32","-168,65","-172,61","-139,08","289,81","-112,28","-154,34","133,97","-69,17","63,84","223,05","204,34","26,44","-116,33","46,78","-128,74","21,29","13,66","105,32","118,48","72,67","235,46","133,08","86,66","0,65","291,72","21,62","119,46","-1.446,70","206,01","-120,68","-265,85","227,58","308,38","141,70","-262,33","-573,30","-43,68","196,11","-251,06","105,82","109,87","43,75","131,92","385,48","-139,35","-77,82","-148,35","112,35","-59,78","160,85","-128,53","-64,80","-72,20","-362,36","51,06","-239,88","224,89","153,76","149,50","122,35","439,90","78,05","85,99","-4,42","-290,03","149,79","149,79"
DI_36,"366,29","489,97","526,10","-262,06","-352,14","58,32","-544,98","-80,35","340,11","661,93","-596,00","-547,81","269,90","-89,04","248,74","-463,41","-41,76","277,49","-35,99","-141,11","466,96","321,39","428,38","195,40","-434,81","-124,05","-356,93","-112,54","166,69","-187,86","114,89","574,59","647,13","-33,33","-391,36","-205,83","98,61","-70,06","-162,39","-352,41","-147,63","-642,08","616,92","-163,45","460,10","-267,23","473,20","-341,51","341,63","-20,92","233,15","228,88","81,95","-571,01","-359,13","-87,98","-29,67","-298,27","196,39","-97,69","38,88","281,90","-150,45","559,74","-116,30","-124,37","-242,58","-141,46","-305,86","604,85","510,72","-108,62","15,75","229,82","-287,07","381,85","524,05","-78,33","131,29","85,57","341,15","61,05","-136,89","378,58","21,11","278,46","225,04","-316,41","-305,02","-190,38","79,68","79,93","-7,91","-178,39","-272,80","236,15","-33,66","-24,21","388,18","-58,15","159,58","-177,98","-230,97","169,94","51,62","-344,08","86,47","65,46","127,41","202,38","-127,75","82,92","157,89","-164,46","-79,82","413,76","-81,32","-10,88","-112,38","117,36","57,08","794,30","131,91","-47,02","-167,41","-101,48","-227,43","-60,64","-104,71","-325,81","93,54","-303,52","-354,20","-203,76","301,70","-72,24","39,41","170,78","-84,69","-226,62","-12,73","25,10","361,46","-68,25","-196,73","156,43","244,29","-164,97","116,90","258,53","3,66","192,35","80,01","-173,56","23,26","23,28","-211,72","-471,77","75,61","-346,27","227,15","109,06","-20,21","-115,80","454,14","-95,80","-141,20","-247,88","49,15","-39,20","253,27","114,93","83,82","79,21","148,08","-13,55","190,89","232,24","158,84","-139,37","-16,46","-212,94","192,65","-38,89","-101,00","-51,04","-122,59","85,20","40,77","-358,61","-59,88","-8,52","-311,63","100,37","100,76","-283,94","25,42","68,84","246,32","-113,07","-88,37","159,07","84,19","140,93","18,39","216,14","115,52","-170,40","-171,69","-133,80","281,87","-114,98","-161,02","131,40","-65,25","62,71","218,91","198,21","23,58","-124,07","31,03","-123,63","35,95","21,01","88,52","134,06","69,03","224,02","123,38","98,25","-1,76","295,26","31,89","118,00","-1.423,70","202,44","-103,53","-261,05","231,11","295,88","147,16","-255,57","-563,42","-23,24","175,60","-248,96","113,80","145,13","33,27","134,93","365,02","-172,31","-131,31","-150,44","100,44","-63,49","155,46","-120,99","-48,55","-88,05","-362,33","33,02","-229,73","222,64","133,52","166,31","100,25","461,89","54,08","74,49","-4,17","-269,44","144,73","144,73"
DI_37,"351,36","471,26","507,10","-253,05","-339,56","55,95","-524,57","-77,44","326,76","637,52","-574,53","-526,87","259,09","-146,64","238,15","-444,11","-66,11","265,07","-34,63","-135,13","434,27","307,70","410,80","187,57","-417,53","-119,07","-342,10","-107,85","159,44","-179,96","109,84","550,64","621,72","-32,17","-376,31","-197,75","94,55","-67,37","-155,96","-337,98","-141,52","-614,12","589,75","-156,57","440,53","-256,17","453,46","-327,57","327,45","-20,19","223,69","219,81","78,68","-548,60","-527,65","-83,46","41,26","-283,77","186,77","-78,79","36,98","268,52","-135,22","525,65","-182,09","-118,23","-230,45","-134,29","-266,06","578,89","486,55","-103,56","17,12","242,77","-261,50","442,66","503,78","-75,39","126,33","82,38","296,96","106,61","-113,97","365,83","48,16","269,81","123,75","-305,40","-294,10","-183,38","76,80","77,08","-7,58","-171,84","-262,60","227,39","-32,38","-23,26","374,15","-56,02","153,98","-171,61","-222,59","163,85","49,83","-331,56","83,34","63,13","122,89","195,27","-123,21","80,06","152,45","-158,68","-76,95","399,54","-78,48","-10,42","-108,45","113,44","64,63","769,10","128,03","-45,49","-162,20","-98,25","-220,20","-58,60","-101,27","-315,05","90,53","-293,28","-341,86","-191,92","291,16","-69,68","65,66","188,36","-72,71","-219,34","-7,70","24,33","350,18","-66,10","-192,84","149,26","236,84","-159,88","113,38","250,86","3,62","186,84","29,89","-170,52","29,76","39,33","-202,90","-459,28","70,92","-337,23","219,73","107,93","-28,79","-118,88","427,80","-92,65","-131,89","-237,35","45,26","-33,22","231,09","113,62","78,87","83,87","143,57","-13,04","189,99","242,49","78,90","-76,73","-8,61","-216,31","189,53","-27,98","-83,53","-56,73","-111,78","66,02","56,56","-329,19","-74,67","-12,94","-306,80","102,05","90,71","-279,78","22,35","66,73","229,38","-107,16","-90,22","156,55","69,87","141,46","13,17","204,95","112,22","-155,65","-176,05","-141,48","280,50","-116,19","-163,08","125,03","-75,01","65,61","205,04","189,88","23,00","-139,55","35,04","-100,38","30,15","8,41","98,06","98,47","74,40","229,83","119,99","105,60","-4,05","289,90","26,14","130,32","-1.383,69","196,48","-85,85","-241,22","219,61","287,53","138,28","-248,25","-525,32","-41,44","158,46","-229,41","108,07","114,66","34,76","126,14","349,59","-193,82","-153,64","-147,80","114,14","-73,33","153,02","-143,43","-39,59","-80,20","-335,83","36,74","-247,56","203,21","148,01","153,72","97,06","427,64","69,69","84,65","8,45","-275,74","118,35","118,35"
DI_38,"335,17","450,64","485,93","-242,86","-325,44","53,39","-501,91","-74,15","312,14","610,40","-550,49","-503,69","247,29","-140,28","227,40","-424,38","-89,89","252,44","-33,20","-128,96","414,00","293,82","392,90","179,57","-399,87","-114,00","-326,99","-103,08","152,12","-171,94","104,75","526,28","595,67","-30,96","-360,86","-189,46","90,42","-64,60","-149,38","-323,26","-135,29","-585,77","562,27","-149,58","420,63","-244,89","433,35","-313,33","312,99","-19,43","214,02","210,50","75,33","-525,57","-504,36","104,33","39,70","-273,90","180,02","-148,34","35,41","257,98","-130,11","505,69","-241,56","-113,43","-220,83","-128,62","-254,56","553,94","466,63","-99,49","16,36","233,08","-251,20","425,21","484,89","-72,68","121,66","79,35","268,95","102,79","-109,97","353,02","46,48","260,74","28,65","-293,86","-282,68","-176,10","73,78","74,06","-7,26","-165,01","-251,98","218,23","-31,07","-22,32","359,42","-53,82","148,06","-164,96","-213,82","157,42","47,91","-318,45","80,02","60,65","118,08","187,76","-118,44","77,00","146,69","-152,62","-73,97","384,45","-75,51","-9,98","-104,34","125,02","66,86","742,53","123,87","-43,92","-156,75","-94,89","-212,63","-56,52","-97,68","-303,80","87,32","-282,61","-329,06","-184,54","280,08","-67,02","63,21","163,54","-69,92","-210,90","-7,37","23,43","336,91","-63,58","-229,71","143,31","227,56","-153,55","108,98","241,24","3,55","179,85","93,46","-162,29","31,08","44,93","-214,15","-442,58","68,33","-324,58","211,50","103,98","-34,40","-118,84","425,64","-91,56","-127,08","-213,04","43,65","-45,32","233,91","98,34","87,47","78,71","136,40","-7,96","204,54","213,69","95,28","-41,32","-55,35","-213,88","197,47","-34,07","-76,11","-50,19","-115,08","77,87","45,48","-329,88","-88,12","26,45","-307,80","89,51","87,64","-267,79","19,35","64,45","239,80","-99,02","-89,45","149,09","53,86","136,81","10,47","216,96","59,59","-141,08","-133,15","-143,74","250,53","-89,18","-166,92","153,29","-109,46","95,81","168,40","198,04","10,57","-142,15","22,26","-55,01","36,29","-43,30","146,71","86,14","46,13","237,33","135,90","110,03","-33,02","279,41","55,08","89,84","-1.342,53","190,30","-71,41","-245,14","217,29","283,44","122,29","-240,60","-529,16","-62,90","183,03","-217,12","76,94","187,19","26,77","122,35","275,34","-164,04","-123,03","-161,76","77,95","-47,62","136,48","-143,36","-42,86","-102,87","-321,66","21,84","-202,41","214,35","122,47","134,73","107,74","413,84","67,57","82,08","8,27","-266,99","114,68","114,68"
DI_39,"127,08","418,71","452,42","-226,28","-302,87","49,62","-466,36","-68,85","289,76","567,84","-512,25","-467,64","229,39","-130,23","211,04","-393,83","-83,36","234,01","-30,85","-119,64","384,14","273,08","365,73","167,38","-372,50","-106,07","-304,01","-95,75","141,32","-159,73","97,29","489,51","555,40","-28,88","-336,57","-176,51","84,24","-60,18","-139,09","-300,71","-125,74","-543,56","521,72","-138,93","390,90","-227,67","403,07","-291,51","291,20","-18,08","199,35","196,24","70,28","-489,81","-468,99","96,97","36,94","-254,43","167,25","147,07","33,50","244,55","-123,45","479,97","-229,47","-107,68","-209,48","-121,94","-241,07","524,81","443,11","-94,61","15,52","221,58","-238,88","404,41","462,10","-69,35","116,05","75,72","256,85","98,25","-105,14","337,59","44,49","249,71","27,48","-281,44","-270,44","-168,33","70,52","70,82","-6,93","-157,71","-240,66","208,42","-29,67","-21,32","343,64","-51,48","141,69","-157,83","-204,42","150,51","45,83","-304,43","76,48","57,98","112,92","179,66","-113,32","73,70","140,43","-146,08","-70,78","368,16","-72,32","-9,52","-99,90","119,79","64,11","712,72","119,15","-42,18","-150,62","-91,11","-204,14","-54,21","-93,69","-291,25","83,73","-270,73","-314,87","-176,41","267,85","-64,10","60,50","156,55","-66,90","-201,76","-7,03","22,43","322,52","-60,86","-236,75","137,05","217,78","-146,92","104,33","231,06","3,43","172,43","89,68","-155,57","29,84","43,13","-205,22","-423,67","65,40","-310,34","202,23","99,51","-32,88","-113,66","407,44","-81,17","-121,67","-203,88","41,80","-43,34","223,96","94,23","83,86","75,50","130,85","-7,59","196,35","205,29","91,63","-53,25","-53,08","-211,93","194,04","-32,65","-73,00","-50,35","-110,33","72,52","32,50","-313,87","-84,33","14,42","-305,13","89,91","83,84","-255,91","16,39","61,62","220,56","-92,41","-85,43","140,37","60,30","130,97","10,08","198,91","106,49","-135,41","-154,31","-144,20","251,11","-107,57","-146,51","115,89","-45,13","60,94","201,70","176,79","19,28","-154,52","37,18","-73,00","28,15","-41,47","140,82","123,69","62,72","212,59","100,77","105,98","-8,34","281,40","19,95","110,60","-1.293,03","182,95","-117,96","-234,83","214,99","260,66","117,43","-230,78","-524,51","-20,64","151,13","-207,76","82,46","88,60","61,07","119,24","324,87","-157,41","-118,00","-190,60","85,81","-45,54","130,80","-130,58","-52,11","-98,40","-307,57","20,93","-193,36","204,89","117,17","128,96","103,20","396,61","64,88","78,83","8,01","-256,01","110,03","110,03"
DI_40,"-74.212,05","391,88","424,30","-212,44","-283,97","46,41","-436,57","-64,44","270,92","532,09","-480,21","-437,40","214,31","-121,84","197,26","-368,18","-77,91","218,46","-28,90","-111,85","358,97","255,60","342,86","157,09","-349,57","-99,46","-284,73","-89,63","132,17","-149,50","90,96","458,55","521,54","117,25","-319,71","-167,51","79,81","-57,15","-131,94","-284,88","-119,04","-513,53","492,69","-131,43","369,70","-215,56","381,54","-276,16","275,71","-17,22","188,92","186,16","66,66","-464,76","-443,98","128,06","34,99","-241,35","158,50","15,81","31,46","230,03","-116,19","452,01","-216,26","-101,43","-197,14","-114,69","-226,51","493,35","417,50","-89,23","14,60","209,03","-225,37","381,65","436,93","-65,64","109,84","71,70","243,40","93,18","-99,70","320,33","42,26","237,29","26,16","-267,41","-256,68","-159,61","66,89","67,19","-6,54","-149,54","-228,03","197,50","-28,11","-20,18","325,95","-48,83","134,53","-149,79","-193,88","142,77","43,52","-288,68","72,52","55,00","107,14","170,57","-107,56","69,99","133,41","-138,72","-67,15","349,76","-68,70","-9,00","-94,89","113,87","60,99","678,69","113,71","-40,17","-143,57","-86,79","-194,41","-51,55","-89,14","-276,99","79,66","-257,29","-298,89","-167,27","254,11","-60,79","57,45","148,67","-63,49","-193,47","-6,64","21,32","306,25","-57,78","-224,74","130,12","206,92","-139,54","99,16","219,70","3,32","164,11","85,43","-148,05","28,45","41,12","-195,25","-402,63","62,16","-294,57","191,98","94,54","-31,18","-107,89","387,19","-77,13","-115,62","-193,62","39,73","-41,12","212,80","89,61","79,79","71,87","124,59","-7,17","187,04","195,73","87,44","-63,65","-50,52","-201,79","184,86","-31,04","-69,47","-47,89","-105,00","69,11","16,08","-304,65","-80,03","11,66","-289,50","91,49","79,64","-242,80","15,59","58,51","207,36","-87,69","-81,03","133,29","57,32","124,48","9,64","191,29","94,98","-128,72","-146,62","-128,59","238,80","-104,36","-130,84","95,53","-36,54","60,10","191,92","168,37","18,41","-147,06","35,46","-84,36","26,83","-39,37","134,02","117,79","59,79","202,60","96,13","101,14","-7,86","268,62","19,15","146,90","-1.235,17","174,47","-112,42","-225,80","157,97","247,91","111,82","-219,48","-498,20","-54,87","143,20","-196,68","78,15","84,05","24,34","114,99","307,78","-149,00","-111,62","-119,29","115,47","-43,27","124,56","-120,00","-49,55","-93,58","-292,39","19,93","-183,65","194,71","111,43","122,72","98,26","377,87","61,93","75,26","7,71","-244,05","104,95","104,95"
DI_41,,,,,,,,,,,,,,,,,,,,,,,,,,,,,,,,,,,,,,,,,,,,,,,,,,,,,,,,,,,,,,,,,,,,,,,,,,,,,,,,,,,,,,,,,,,,,,,,,,,,,,,,,,,,,,,,,,,,,,,,,,,,,,,,,,,,,,,,,,,,,,,,,,,,,,,,,,,,,,,,,,,,,,,,,,,,,,,,,,,,,,,,,,,,,,,,,,,,,,,,,,,,,,,,,,,,,,,,,,,,,,,,,,,,,,,,,,,,,,,,,,,,,,,,,,,,,,"-103,86","140,83","-40,80","117,68","-107,25","-46,72","-88,29","-275,76","18,85","-173,04","183,55","105,15","115,85","92,83","357,15","58,65","71,27","7,37","-230,77","99,32","99,32"
TREASURY,"-969,78","-1.058,26","-668,64","-2.183,03","-191,32","475,59","-5.048,51","-954,66","758,38","5.849,32","1.696,25","-378,80","0,00","1.133,25","-1.025,19","-1.113,73","552,12","4.074,95","-736,62","-457,63","1.659,24","-2.277,23","642,03","1.448,17","3.171,85","-994,54","-1.978,80","-90,18","-1.534,84","-3.967,63","4.063,07","1.969,38","0,00","-2.671,17","624,53","1.247,00","2.940,88","1.073,58","3.701,32","1.895,00","-1.364,86","0,00","-1.266,57","-449,56","-1.261,63","4.344,75","-2.826,28","-1.183,42","1.725,90","-1.704,77","-178,66","1.065,97","1.151,27","972,86","-447,05","-3.139,37","1.158,07","-1.074,33","-808,65","4.504,97","89,57","3.209,11","-1.600,67","6.395,00","2.346,90","-5.795,26","-3.525,27","-6.912,60","1.570,09","-5.047,85","5.934,22","1.926,17","2.021,23","-1.463,97","-2.156,10","-799,73","3.191,51","1.687,75","2.213,95","1.411,67","353,80","-5.991,86","-529,59","1.430,25","1.344,29","-4.264,50","88,72","-3.729,22","-1.054,91","-1.402,50","2.992,70","444,58","-1.061,08","353,87","-3.977,50","1.850,15","1.423,30","0,00","2.473,58","-1.690,42","1.413,97","0,00","-1.601,63","-88,44","3.696,50","-1.749,03","-4.982,63","1.394,00","260,56","2.683,09","2.077,05","-2.522,14","-689,03","1.968,54","-257,38","1.030,44","2.588,38","1.115,79","173,48","1.809,30","-1.112,15","1.705,34","-1.448,35","-1.277,21","-2.202,47","0,00","-1.619,64","-767,26","2.646,08","-259,98","-2.786,10","260,74","-2.692,10","1.915,72","-609,76","1.473,17","2.260,04","1.218,35","-2.169,27","-1.035,73","865,75","-1.222,02","3.310,70","-2.013,30","350,13","6.323,03","947,39","-431,03","-342,51","-768,21","-1.440,98","340,45","-422,14","1.937,63","-2.028,56","-1.095,27","-422,95","1.367,90","512,78","-1.713,37","3.229,79","-931,25","1.270,86","1.105,43","338,21","0,00","0,00","-1.965,19","2.553,71","1.279,51","2.951,50","847,82","-1.102,38","1.268,64","420,63","-2.012,88","997,65","414,67","-2.236,00","-745,85","-1.248,25","-250,71","912,15","-1.244,94","-1.669,53","-334,03","1.330,72","-82,97","1.828,75","417,43","-1.337,45","-1.496,71","1.500,56","-333,91","-669,22","3.573,29","85,22","1.374,55","-936,23","2.803,03","-1.529,99","672,13","841,64","252,24","-1.682,50","-251,76","-84,37","251,80","-3.004,65","-1.093,69","-168,52","0,00","589,07","-2.437,58","2.672,55","167,12","-913,64","1.812,29","-165,00","-1.238,10","-1.241,19","581,00","750,25","-499,85","3.031,98","674,35","1.430,01","-671,17","0,00","0,00","-2.756,86","334,15","1.161,60","-2.068,30","-1.084,65","-0,27","-0,16","0,13","0,23","-0,28","0,11","0,23","-0,02","0,25","-0,25","-0,16","-0,05","0,28","0,14","-0,08","-0,44","0,22","-0,09","0,25","-0,33","-0,03","-0,08","0,12","0,20","-0,25","-0,47","0,00","-0,33","0,23","-0,06","0,08","0,16","-0,03","-0,16","0,22","-0,03","-0,23","0,00","0,00"
WDO1,"0,00","995,65","-3.499,65","-605,50","771,70","-3.336,45","2.195,20","-637,85","-2.002,25","-1.347,90","1.890,05","-374,95","-884,05","-950,65","-4.811,75","-1.394,15","-129,60","455,95","-2.529,40","170,75","-218,85","-1.906,70","0,00","-2.282,35","606,35","-1.646,25","2.056,50","-1.017,25","-694,00","-335,30","788,50","-3.456,35","-245,95","-1.048,15","1.111,40","-855,55","1.503,35","649,05","84,10","1.977,45","1.696,20","1.179,40","0,00","-720,10","1.523,10","3.569,45","-2.743,30","-680,60","424,80","-3.535,05","-3.543,70","-235,55","-1.697,00","1.721,20","2.192,80","1.650,25","-3.019,30","1.974,45","786,05","134,15","-814,00","0,00","320,50","-3.488,35","10.884,70","3.527,95","3.393,75","-6.217,30","1.534,55","-1.005,30","-1.167,00","1.934,00","-1.794,45","-2.873,20","-4.140,65","-562,75","-1.478,45","141,50","-1.851,55","-1.046,50","1.363,10","0,00","1.581,80","1.004,30","1.888,10","-3.525,70","-1.537,65","1.972,25","-4.877,90","1.044,80","3.162,55","-871,90","-1.250,45","1.655,55","-1.379,80","-740,35","462,95","823,25","-1.635,60","2.273,00","-1.695,50","2.527,45","0,00","-2.410,50","489,75","-3.012,30","-1.412,85","-383,90","714,75","-1.872,45","59,85","-261,75","-2.200,45","287,70","-27,05","815,00","-1.096,40","672,50","1.470,85","-2.831,50","-429,20","-1.598,90","0,00","-2.342,25","-526,70","455,10","2.831,25","-2.228,90","2.332,95","3.323,15","-560,40","1.851,20","-1.268,15","-101,30","-774,20","2.247,50","-1.656,45","56,70","-2.557,25","253,75","2.081,75","1.464,75","-1.694,40","-259,65","1.870,90","0,00","-2.249,85","-442,35","-2.209,35","-816,60","-877,65","456,20","-2.827,55","538,10","418,55","-702,85","1.683,55","2.708,15","-1.112,10","146,95","-2.715,35","-716,80","1.147,20","-847,30","-923,95","909,70","0,00","1.156,90","-592,25","-617,90","-1.980,65","364,15","469,20","-1.456,90","-930,75","-1.890,55","-1.835,90","-900,25","64,40","-204,80","762,00","774,90","-2.790,85","2.179,90","1.758,90","-1.473,85","-1.338,00","216,05","0,00","909,90","-370,00","-1.341,75","1.858,60","24,65","1.117,75","6.142,05","-2.643,30","671,35","-638,95","-519,70","-2.124,15","-1.857,45","636,15","845,65","-1.186,55","400,75","-1.174,75","-770,30","52,55","833,80","264,70","0,00","1.930,70","-1.987,30","-482,95","-903,60","-1.697,55","-1.707,20","923,80","213,75","-191,10","910,60","-57,15","628,45","3.520,90","-627,25","-1.087,55","-1.919,50","888,90","-1.226,45","0,00","-1.211,80","-1.439,50","84,95","7.600,45","-45,27","16,82","42,88","-87,48","3,72","15,44","39,27","53,84","-3,90","11,83","50,24","-47,36","3,51","33,90","-78,50","0,00","-23,39","-30,32","10,71","7,17","-30,90","3,55","5,02","16,04","-39,92","7,82","-5,16","17,67","-67,36","-35,18","2,80","-15,87","-68,95","10,31","-32,03","37,47","0,00","-24,19","-24,19"
